C,Cr,W,Si,Mn,V,Ta,Zr,Y,Ti,N,NT ,Nt ,TT ,Tt ,Ttest ,UTS ,TE 
0.1,9.3,0.93,0.11,0.4,0.22,0.094,0,0,0,0.002,1000,60,650,120,25,783,13
0.1,9.3,0.93,0.11,0.4,0.22,0.094,0,0,0,0.002,1000,60,750,120,25,657,15
0.1,9.3,0.95,0.13,0.41,0.23,0,0,0,0.056,0.002,1000,60,650,120,25,698,16
0.1,9.3,0.95,0.13,0.41,0.23,0,0,0,0.056,0.002,1000,60,750,120,25,605,23
0.11,8.7,1,0,0.44,0.19,0.1,0,0,0,0,980,27,760,90,25,660,23.3
0.11,8.7,1,0,0.44,0.19,0.1,0,0,0,0,980,27,760,90,400,511,17.04
0.11,8.7,1,0,0.44,0.19,0.1,0,0,0,0,980,27,760,90,500,433,20.2
0.11,8.7,1,0,0.44,0.19,0.1,0,0,0,0,980,27,760,90,600,309,24.1
0.08,9.04,1,0.09,0.55,0.22,0.06,0,0,0.005,0.0226,980,30,763,90,25,686,17
0.08,9.04,1,0.09,0.55,0.22,0.06,0,0,0.005,0.0226,980,30,763,90,100,612,15.43
0.08,9.04,1,0.09,0.55,0.22,0.06,0,0,0.005,0.0226,980,30,763,90,200,546,15.4
0.08,9.04,1,0.09,0.55,0.22,0.06,0,0,0.005,0.0226,980,30,763,90,250,528,13.53
0.08,9.04,1,0.09,0.55,0.22,0.06,0,0,0.005,0.0226,980,30,763,90,300,502,13.85
0.08,9.04,1,0.09,0.55,0.22,0.06,0,0,0.005,0.0226,980,30,763,90,350,499,12.75
0.08,9.04,1,0.09,0.55,0.22,0.06,0,0,0.005,0.0226,980,30,763,90,400,467,12.2
0.08,9.04,1,0.09,0.55,0.22,0.06,0,0,0.005,0.0226,980,30,763,90,450,463,12.65
0.08,9.04,1,0.09,0.55,0.22,0.06,0,0,0.005,0.0226,980,30,763,90,500,453,12.9
0.08,9.04,1,0.09,0.55,0.22,0.06,0,0,0.005,0.0226,980,30,763,90,550,418,17.7
0.08,9.04,1,0.09,0.55,0.22,0.06,0,0,0.005,0.0226,980,30,763,90,600,353,18
0.126,9.03,1.39,0.06,0.56,0.24,0.06,0,0,0.005,0.03,980,30,763,90,25,655,17.2
0.126,9.03,1.39,0.06,0.56,0.24,0.06,0,0,0.005,0.03,980,30,763,90,100,628,18.11
0.126,9.03,1.39,0.06,0.56,0.24,0.06,0,0,0.005,0.03,980,30,763,90,200,582,15.88
0.126,9.03,1.39,0.06,0.56,0.24,0.06,0,0,0.005,0.03,980,30,763,90,250,560,14.38
0.126,9.03,1.39,0.06,0.56,0.24,0.06,0,0,0.005,0.03,980,30,763,90,300,535,14.2
0.126,9.03,1.39,0.06,0.56,0.24,0.06,0,0,0.005,0.03,980,30,763,90,350,532,12.32
0.126,9.03,1.39,0.06,0.56,0.24,0.06,0,0,0.005,0.03,980,30,763,90,400,500,13.68
0.126,9.03,1.39,0.06,0.56,0.24,0.06,0,0,0.005,0.03,980,30,763,90,450,480,14.1
0.126,9.03,1.39,0.06,0.56,0.24,0.06,0,0,0.005,0.03,980,30,763,90,500,443,14.68
0.126,9.03,1.39,0.06,0.56,0.24,0.06,0,0,0.005,0.03,980,30,763,90,550,404,17.96
0.126,9.03,1.39,0.06,0.56,0.24,0.06,0,0,0.005,0.03,980,30,763,90,600,348,22.75
0.12,8.99,2.06,0.06,0.65,0.24,0.06,0,0,0.005,0.02,980,30,763,90,25,676,17.4
0.12,8.99,2.06,0.06,0.65,0.24,0.06,0,0,0.005,0.02,980,30,763,90,100,618,17.1
0.12,8.99,2.06,0.06,0.65,0.24,0.06,0,0,0.005,0.02,980,30,763,90,200,583,16.8
0.12,8.99,2.06,0.06,0.65,0.24,0.06,0,0,0.005,0.02,980,30,763,90,250,564,14.2
0.12,8.99,2.06,0.06,0.65,0.24,0.06,0,0,0.005,0.02,980,30,763,90,300,542,14.6
0.12,8.99,2.06,0.06,0.65,0.24,0.06,0,0,0.005,0.02,980,30,763,90,350,516,15.13
0.12,8.99,2.06,0.06,0.65,0.24,0.06,0,0,0.005,0.02,980,30,763,90,400,504,14.35
0.12,8.99,2.06,0.06,0.65,0.24,0.06,0,0,0.005,0.02,980,30,763,90,450,471,14.85
0.12,8.99,2.06,0.06,0.65,0.24,0.06,0,0,0.005,0.02,980,30,763,90,500,452,15.63
0.12,8.99,2.06,0.06,0.65,0.24,0.06,0,0,0.005,0.02,980,30,763,90,550,386,18.24
0.12,8.99,2.06,0.06,0.65,0.24,0.06,0,0,0.005,0.02,980,30,763,90,600,347,19.6
0.12,8.5,1.5,0,0.51,0.25,0.1,0,0,0,0.0067,980,45,740,90,25,679,21.6
0.11,8.55,1.48,0,0.51,0.25,0.1,0,0,0,0.025,980,45,740,90,25,671,22
0.11,8.86,2.07,0.05,0.5,0.24,0.11,0,0,0,0,1050,60,750,120,25,659,23
0.11,8.86,2.07,0.05,0.5,0.24,0.11,0,0,0,0,1050,60,750,120,500,431,23.5
0.11,8.86,2.07,0.05,0.5,0.24,0.11,0,0,0,0,1050,60,750,120,550,375,27
0.11,8.86,2.07,0.05,0.5,0.24,0.11,0,0,0,0,1050,60,750,120,600,327,30
0.11,8.86,2.07,0.05,0.5,0.24,0.11,0,0,0,0,1050,60,750,120,650,260.6,34
0.12,8.79,2.01,0.22,0.52,0.24,0.11,0,0,0,0,1050,60,750,120,25,680,23
0.12,8.79,2.01,0.22,0.52,0.24,0.11,0,0,0,0,1050,60,750,120,500,444,24.4
0.12,8.79,2.01,0.22,0.52,0.24,0.11,0,0,0,0,1050,60,750,120,550,369,28
0.12,8.79,2.01,0.22,0.52,0.24,0.11,0,0,0,0,1050,60,750,120,600,323,30.3
0.12,8.79,2.01,0.22,0.52,0.24,0.11,0,0,0,0,1050,60,750,120,650,260.6,34.14
0.12,8.84,2.05,0.77,0.51,0.24,0.11,0,0,0,0,1050,60,750,120,25,730,23
0.12,8.84,2.05,0.77,0.51,0.24,0.11,0,0,0,0,1050,60,750,120,500,466,28.36
0.12,8.84,2.05,0.77,0.51,0.24,0.11,0,0,0,0,1050,60,750,120,550,385,31.34
0.12,8.84,2.05,0.77,0.51,0.24,0.11,0,0,0,0,1050,60,750,120,600,336,38.47
0.12,8.84,2.05,0.77,0.51,0.24,0.11,0,0,0,0,1050,60,750,120,650,256,42.37
0.11,9.4,1.35,0.05,0.46,0.22,0.071,0,0.006,0,0.0023,1050,30,750,90,25,699,16.2
0.11,9.4,1.35,0.05,0.46,0.22,0.071,0,0.006,0,0.0023,1050,30,750,90,300,567,15.1
0.11,9.4,1.35,0.05,0.46,0.22,0.071,0,0.006,0,0.0023,1050,30,750,90,500,469,17.5
0.11,9.4,1.35,0.05,0.46,0.22,0.071,0,0.006,0,0.0023,1050,30,750,90,600,336,19.6
0.11,9.4,1.35,0.05,0.46,0.22,0.071,0,0.006,0,0.0023,1050,30,750,90,650,275,23.5
0.11,9.4,1.35,0.05,0.45,0.21,0.073,0,0.036,0,0.0022,1050,30,750,90,25,718,17.4
0.11,9.4,1.35,0.05,0.45,0.21,0.073,0,0.036,0,0.0022,1050,30,750,90,300,583,16.7
0.11,9.4,1.35,0.05,0.45,0.21,0.073,0,0.036,0,0.0022,1050,30,750,90,500,486,19.2
0.11,9.4,1.35,0.05,0.45,0.21,0.073,0,0.036,0,0.0022,1050,30,750,90,600,354,23.2
0.11,9.4,1.35,0.05,0.45,0.21,0.073,0,0.036,0,0.0022,1050,30,750,90,650,276,25.6
0.11,9.4,1.35,0.05,0.45,0.22,0.071,0,0.071,0,0.0022,1050,30,750,90,25,663,23.2
0.11,9.4,1.35,0.05,0.45,0.22,0.071,0,0.071,0,0.0022,1050,30,750,90,300,500,21.5
0.11,9.4,1.35,0.05,0.45,0.22,0.071,0,0.071,0,0.0022,1050,30,750,90,500,406,23.1
0.11,9.4,1.35,0.05,0.45,0.22,0.071,0,0.071,0,0.0022,1050,30,750,90,600,310,25.5
0.11,9.4,1.35,0.05,0.45,0.22,0.071,0,0.071,0,0.0022,1050,30,750,90,650,254,27.6
0.092,8.87,1.71,0.01,0.28,0.19,0.002,0,0,0,0,1050,30,750,90,25,625,15.7
0.092,8.87,1.71,0.01,0.28,0.19,0.002,0,0,0,0,1050,30,750,90,200,522,14.2
0.092,8.87,1.71,0.01,0.28,0.19,0.002,0,0,0,0,1050,30,750,90,300,497,13.3
0.092,8.87,1.71,0.01,0.28,0.19,0.002,0,0,0,0,1050,30,750,90,400,468,12
0.092,8.87,1.71,0.01,0.28,0.19,0.002,0,0,0,0,1050,30,750,90,500,416,13.5
0.092,8.87,1.71,0.01,0.28,0.19,0.002,0,0,0,0,1050,30,750,90,600,328,16
0.1,9.1,1.49,0.05,0.46,0.22,0.15,0.002,0.001,0,0.0032,1050,30,750,90,25,684.6,23.6
0.1,9.1,1.49,0.05,0.46,0.22,0.15,0.002,0.001,0,0.0032,1050,30,750,90,300,541,12.8
0.1,9.1,1.49,0.05,0.46,0.22,0.15,0.002,0.001,0,0.0032,1050,30,750,90,550,391,16.3
0.1,9.1,1.49,0.05,0.46,0.22,0.15,0.002,0.001,0,0.0032,1050,30,750,90,600,335,18.1
0.1,9.1,1.49,0.05,0.46,0.22,0.15,0.002,0.001,0,0.0032,1050,30,750,90,650,258,25.8
0.11,9.2,1.5,0.05,0.45,0.22,0.14,0.003,0.005,0,0.0034,1050,30,750,90,25,743.5,25.2
0.11,9.2,1.5,0.05,0.45,0.22,0.14,0.003,0.005,0,0.0034,1050,30,750,90,300,575,13
0.11,9.2,1.5,0.05,0.45,0.22,0.14,0.003,0.005,0,0.0034,1050,30,750,90,500,472,15.7
0.11,9.2,1.5,0.05,0.45,0.22,0.14,0.003,0.005,0,0.0034,1050,30,750,90,550,415,16.47
0.11,9.2,1.5,0.05,0.45,0.22,0.14,0.003,0.005,0,0.0034,1050,30,750,90,600,349,18.6
0.11,9.2,1.5,0.05,0.45,0.22,0.14,0.003,0.005,0,0.0034,1050,30,750,90,650,260,25.2
0.1,9.1,1.49,0.06,0.44,0.22,0.15,0.002,0.011,0,0.0031,1050,30,750,90,25,697.9,26.4
0.1,9.1,1.49,0.06,0.44,0.22,0.15,0.002,0.011,0,0.0031,1050,30,750,90,300,555,13.5
0.1,9.1,1.49,0.06,0.44,0.22,0.15,0.002,0.011,0,0.0031,1050,30,750,90,500,461,16.1
0.1,9.1,1.49,0.06,0.44,0.22,0.15,0.002,0.011,0,0.0031,1050,30,750,90,550,409,17.6
0.1,9.1,1.49,0.06,0.44,0.22,0.15,0.002,0.011,0,0.0031,1050,30,750,90,600,340,20.8
0.1,9.1,1.49,0.06,0.44,0.22,0.15,0.002,0.011,0,0.0031,1050,30,750,90,650,260,26.3
0.126,9.03,1.39,0.06,0.56,0.24,0.06,0,0,0.005,0.03,980,15,765,90,25,687,17.2
0.126,9.03,1.39,0.06,0.56,0.24,0.06,0,0,0.005,0.03,980,15,765,90,200,583,15.8
0.126,9.03,1.39,0.06,0.56,0.24,0.06,0,0,0.005,0.03,980,15,765,90,300,551,14.2
0.126,9.03,1.39,0.06,0.56,0.24,0.06,0,0,0.005,0.03,980,15,765,90,400,516,13.2
0.126,9.03,1.39,0.06,0.56,0.24,0.06,0,0,0.005,0.03,980,15,765,90,500,434,14.6
0.126,9.03,1.39,0.06,0.56,0.24,0.06,0,0,0.005,0.03,980,15,765,90,600,313,22.8
0.12,8.73,2.09,0.25,0.51,0.25,0,0,0,0,0,1050,30,750,60,25,659,12.3
0.1,8.72,2.09,0.23,0.43,0.23,0.07,0,0,0,0,1050,30,750,60,25,652,12.3
0.11,9.3,1.51,0.06,0.45,0.22,0.15,0,0.046,0,0.0153,1050,30,650,90,25,917,15.8
0.11,9.3,1.51,0.06,0.45,0.22,0.15,0,0.046,0,0.0153,1050,30,650,90,300,758,9.6
0.11,9.3,1.51,0.06,0.45,0.22,0.15,0,0.046,0,0.0153,1050,30,650,90,500,629,11.6
0.11,9.3,1.51,0.06,0.45,0.22,0.15,0,0.046,0,0.0153,1050,30,650,90,600,485,13.6
0.11,9.3,1.51,0.06,0.45,0.22,0.15,0,0.046,0,0.0153,1050,30,650,90,650,397,20.44
0.11,9.3,1.51,0.06,0.45,0.22,0.15,0,0.046,0,0.0153,1050,30,750,90,25,707,17.4
0.11,9.3,1.51,0.06,0.45,0.22,0.15,0,0.046,0,0.0153,1050,30,750,90,300,566,9.72
0.11,9.3,1.51,0.06,0.45,0.22,0.15,0,0.046,0,0.0153,1050,30,750,90,500,469,11.88
0.11,9.3,1.51,0.06,0.45,0.22,0.15,0,0.046,0,0.0153,1050,30,750,90,600,336,20.12
0.11,9.3,1.51,0.06,0.45,0.22,0.15,0,0.046,0,0.0153,1050,30,750,90,650,272,23.18
0.11,9.2,1.5,0.05,0.45,0.22,0.15,0.013,0.043,0,0.0157,1050,30,650,90,25,803,16.5
0.11,9.2,1.5,0.05,0.45,0.22,0.15,0.013,0.043,0,0.0157,1050,30,650,90,300,621,11.15
0.11,9.2,1.5,0.05,0.45,0.22,0.15,0.013,0.043,0,0.0157,1050,30,650,90,500,489,13.5
0.11,9.2,1.5,0.05,0.45,0.22,0.15,0.013,0.043,0,0.0157,1050,30,650,90,600,361,16.1
0.11,9.2,1.5,0.05,0.45,0.22,0.15,0.013,0.043,0,0.0157,1050,30,650,90,650,295,29.72
0.11,9.2,1.5,0.05,0.45,0.22,0.15,0.013,0.043,0,0.0157,1050,30,750,90,25,657,22.3
0.11,9.2,1.5,0.05,0.45,0.22,0.15,0.013,0.043,0,0.0157,1050,30,750,90,300,507,13.11
0.11,9.2,1.5,0.05,0.45,0.22,0.15,0.013,0.043,0,0.0157,1050,30,750,90,500,409,15.47
0.11,9.2,1.5,0.05,0.45,0.22,0.15,0.013,0.043,0,0.0157,1050,30,750,90,600,307,23.82
0.11,9.2,1.5,0.05,0.45,0.22,0.15,0.013,0.043,0,0.0157,1050,30,750,90,650,263,27.31
0.09,7.87,1.98,0.07,0.1,0.19,0.03,0,0,0.004,0.007,1040,38,750,60,25,638,17.6
0.12,8.93,1.07,0.06,0.47,0.2,0.14,0,0,0.009,0.018,980,27,760,90,25,676,15.9
0.12,8.93,1.1,0.04,0.44,0.19,0.14,0,0,0.009,0.017,979,111,739,222,25,676,16.9
0.09,7.7,1.95,0.11,0.16,0.16,0.02,0,0,0,0,1040,38,750,60,25,630,11.18
0.09,9,2,0.09,0.5,0.18,0.09,0,0,0,0,1030,30,750,60,25,606,15.4
0.12,8.95,2.01,0.23,0.51,0.24,0,0,0,0.01,0,1040,60,760,60,25,695,18
0.11,8.9,2.01,0.21,0.44,0.23,0.06,0,0,0.01,0,1040,60,760,60,25,702,20.2
0.09,7.87,1.98,0.07,0.1,0.19,0.03,0,0,0.04,0.007,1040,38,750,60,25,601,11.95
0.098,9.3,0.97,0.02,0.6,0.24,0,0,0,0,0.055,1050,120,750,120,25,586,17.3
0.12,8.91,1.08,0.04,0.48,0.2,0.14,0,0,0.006,0.02,980,30,760,90,25,640,18.1
0.1,8.72,2.09,0.23,0.43,0.23,0.07,0,0,0,0,1050,60,750,120,25,646,19.1
0.1,8.85,1.99,0.05,0.45,0.2,0.08,0,0,0,0.0231,1050,60,780,60,25,644,20.5
0.12,8.91,1.08,0.04,0.48,0.2,0.14,0,0,0.006,0.02,980,30,760,90,325,533.5,14.1
0.1,8.72,2.09,0.23,0.43,0.23,0.07,0,0,0,0,1050,60,750,120,325,522,14.6
0.1,8.85,1.99,0.05,0.45,0.2,0.08,0,0,0,0.0231,1050,60,780,60,325,511,14
0.12,8.73,2.09,0.25,0.51,0.25,0,0,0,0,0,1050,30,750,60,25,659,12.3
0.1,8.72,2.09,0.23,0.43,0.23,0.07,0,0,0,0,1050,30,750,60,25,652,12.3
0.11,9,1.5,0.05,0.45,0.2,0.15,0,0.015,0,0.0028,1050,30,750,90,25,679,25
0.11,9,1.5,0.05,0.45,0.2,0.15,0,0.015,0,0.0028,1050,30,750,90,300,554,14.7
0.11,9,1.5,0.05,0.45,0.2,0.15,0,0.015,0,0.0028,1050,30,750,90,500,454,15.8
0.11,9,1.5,0.05,0.45,0.2,0.15,0,0.015,0,0.0028,1050,30,750,90,550,397,17.35
0.11,9,1.5,0.05,0.45,0.2,0.15,0,0.015,0,0.0028,1050,30,750,90,600,348.8,20.3
0.11,9,1.5,0.05,0.45,0.2,0.15,0,0.015,0,0.0028,1050,30,750,90,650,267,22.6
0.11,9,1.5,0.05,0.45,0.2,0.15,0,0.015,0.01,0.0027,1050,30,750,90,25,702,27.56
0.11,9,1.5,0.05,0.45,0.2,0.15,0,0.015,0.01,0.0027,1050,30,750,90,300,572,15.45
0.11,9,1.5,0.05,0.45,0.2,0.15,0,0.015,0.01,0.0027,1050,30,750,90,500,466,16.67
0.11,9,1.5,0.05,0.45,0.2,0.15,0,0.015,0.01,0.0027,1050,30,750,90,550,415,18
0.11,9,1.5,0.05,0.45,0.2,0.15,0,0.015,0.01,0.0027,1050,30,750,90,600,352,21.2
0.11,9,1.5,0.05,0.45,0.2,0.15,0,0.015,0.01,0.0027,1050,30,750,90,650,282,24
0.11,9,1.5,0.05,0.45,0.2,0.15,0,0.015,0.03,0.003,1050,30,750,90,25,672,29.37
0.11,9,1.5,0.05,0.45,0.2,0.15,0,0.015,0.03,0.003,1050,30,750,90,300,541,19.36
0.11,9,1.5,0.05,0.45,0.2,0.15,0,0.015,0.03,0.003,1050,30,750,90,500,435,20.27
0.11,9,1.5,0.05,0.45,0.2,0.15,0,0.015,0.03,0.003,1050,30,750,90,550,375,22
0.11,9,1.5,0.05,0.45,0.2,0.15,0,0.015,0.03,0.003,1050,30,750,90,600,334,24.7
0.11,9,1.5,0.05,0.45,0.2,0.15,0,0.015,0.03,0.003,1050,30,750,90,650,250,27.43
0.11,9,1.5,0.05,0.45,0.2,0.15,0,0.015,0.05,0.0029,1050,30,750,90,25,617,31.4
0.11,9,1.5,0.05,0.45,0.2,0.15,0,0.015,0.05,0.0029,1050,30,750,90,300,487,20.3
0.11,9,1.5,0.05,0.45,0.2,0.15,0,0.015,0.05,0.0029,1050,30,750,90,500,395,22.4
0.11,9,1.5,0.05,0.45,0.2,0.15,0,0.015,0.05,0.0029,1050,30,750,90,550,345,23
0.11,9,1.5,0.05,0.45,0.2,0.15,0,0.015,0.05,0.0029,1050,30,750,90,600,296,25.3
0.11,9,1.5,0.05,0.45,0.2,0.15,0,0.015,0.05,0.0029,1050,30,750,90,650,232,28
0.11,9.2,1.48,0.05,0.46,0.22,0.14,0,0,0,0.0154,1100,30,740,90,25,575,24
0.11,9.3,1.51,0.06,0.45,0.22,0.15,0,0.253,0,0.0153,1100,30,740,90,25,640,23.6
0.11,9.2,1.5,0.05,0.45,0.22,0.15,0,0.255,0.093,0.0157,1100,30,740,90,25,700,16
0.11,9.2,1.48,0.05,0.46,0.22,0.14,0,0,0,0.0154,1100,30,740,90,650,234,22.3
0.11,9.3,1.51,0.06,0.45,0.22,0.15,0,0.253,0,0.0153,1100,30,740,90,650,254,23.6
0.11,9.2,1.5,0.05,0.45,0.22,0.15,0,0.255,0.093,0.0157,1100,30,740,90,650,279,25
0.11,9.2,1.51,0.05,0.44,0.22,0.15,0,0.013,0,0,1050,30,650,90,25,838,22.1
0.11,9.3,1.51,0.06,0.45,0.21,0.15,0,0.014,0.008,0,1050,30,650,90,25,853,21.4
0.1,9.2,1.5,0.05,0.44,0.22,0.15,0,0.014,0.025,0,1050,30,650,90,25,760,23.51
0.11,9.2,1.51,0.06,0.45,0.22,0.15,0,0.015,0.039,0,1050,30,650,90,25,715,23.9
0.11,9.2,1.51,0.05,0.44,0.22,0.15,0,0.013,0,0,1050,30,650,90,300,722,13.44
0.11,9.3,1.51,0.06,0.45,0.21,0.15,0,0.014,0.008,0,1050,30,650,90,300,734,12.63
0.1,9.2,1.5,0.05,0.44,0.22,0.15,0,0.014,0.025,0,1050,30,650,90,300,643,14.64
0.11,9.2,1.51,0.06,0.45,0.22,0.15,0,0.015,0.039,0,1050,30,650,90,300,615,14.85
0.11,9.2,1.51,0.05,0.44,0.22,0.15,0,0.013,0,0,1050,30,650,90,500,610,12.95
0.11,9.3,1.51,0.06,0.45,0.21,0.15,0,0.014,0.008,0,1050,30,650,90,500,623,12.35
0.1,9.2,1.5,0.05,0.44,0.22,0.15,0,0.014,0.025,0,1050,30,650,90,500,540,13
0.11,9.2,1.51,0.06,0.45,0.22,0.15,0,0.015,0.039,0,1050,30,650,90,500,506,13.82
0.11,9.2,1.51,0.05,0.44,0.22,0.15,0,0.013,0,0,1050,30,650,90,550,541,13.66
0.11,9.3,1.51,0.06,0.45,0.21,0.15,0,0.014,0.008,0,1050,30,650,90,550,555,13
0.1,9.2,1.5,0.05,0.44,0.22,0.15,0,0.014,0.025,0,1050,30,650,90,550,454,14.36
0.11,9.2,1.51,0.06,0.45,0.22,0.15,0,0.015,0.039,0,1050,30,650,90,550,441,15.1
0.11,9.2,1.51,0.05,0.44,0.22,0.15,0,0.013,0,0,1050,30,650,90,600,463,14.7
0.11,9.3,1.51,0.06,0.45,0.21,0.15,0,0.014,0.008,0,1050,30,650,90,600,469,18
0.1,9.2,1.5,0.05,0.44,0.22,0.15,0,0.014,0.025,0,1050,30,650,90,600,388,15.5
0.11,9.2,1.51,0.06,0.45,0.22,0.15,0,0.015,0.039,0,1050,30,650,90,600,376,18
0.11,9.2,1.51,0.05,0.44,0.22,0.15,0,0.013,0,0,1050,30,650,90,650,379,23
0.11,9.3,1.51,0.06,0.45,0.21,0.15,0,0.014,0.008,0,1050,30,650,90,650,384,24.87
0.1,9.2,1.5,0.05,0.44,0.22,0.15,0,0.014,0.025,0,1050,30,650,90,650,282,28
0.11,9.2,1.51,0.06,0.45,0.22,0.15,0,0.015,0.039,0,1050,30,650,90,650,275,25.5
0.006,9.11,1.47,0.16,0.47,0.21,0.11,0,0,0,0.043,1050,50,760,90,25,642,22
0.006,9.11,1.47,0.16,0.47,0.21,0.11,0,0,0,0.043,1050,50,760,90,600,375,20
0.09,9,1.98,0,0.49,0.2,0.083,0,0,0,0.015,1050,60,780,60,25,625,14.8
0.13,8.94,1.45,0,0.44,0.19,0.15,0,0,0,0,980,30,760,90,25,678,12.6
0.09,9,1.98,0,0.49,0.2,0.083,0,0,0,0.015,1050,60,780,60,400,446,9.6
0.13,8.94,1.45,0,0.44,0.19,0.15,0,0,0,0,980,30,760,90,400,517,8.5
0.09,9,1.98,0,0.49,0.2,0.083,0,0,0,0.015,1050,60,780,60,500,396,11.6
0.13,8.94,1.45,0,0.44,0.19,0.15,0,0,0,0,980,30,760,90,500,442,11.6
0.09,9,1.98,0,0.49,0.2,0.083,0,0,0,0.015,1050,60,780,60,550,350,15.2
0.13,8.94,1.45,0,0.44,0.19,0.15,0,0,0,0,980,30,760,90,550,386,12.7
0.09,9,1.98,0,0.49,0.2,0.083,0,0,0,0.015,1050,60,780,60,600,314,18.8
0.13,8.94,1.45,0,0.44,0.19,0.15,0,0,0,0,980,30,760,90,600,320,16.7
0.1,8.74,0.94,0.09,0.23,0.18,0.06,0.009,0,0.005,0.004,1000,40,750,70,25,667,23.3
0.1,8.74,0.94,0.09,0.23,0.18,0.06,0.009,0,0.005,0.004,1000,40,750,70,500,453,20.7
0.12,9.11,1.52,0.03,0.41,0.19,0.2,0,0,0,0.002,1000,40,740,90,50,713,20.5
0.12,9.11,1.52,0.03,0.41,0.19,0.2,0,0,0,0.002,1000,40,740,90,100,690,20
0.12,9.11,1.52,0.03,0.41,0.19,0.2,0,0,0,0.002,1000,40,740,90,150,673,18
0.12,9.11,1.52,0.03,0.41,0.19,0.2,0,0,0,0.002,1000,40,740,90,200,650,18
0.12,9.11,1.52,0.03,0.41,0.19,0.2,0,0,0,0.002,1000,40,740,90,250,642,17
0.12,9.11,1.52,0.03,0.41,0.19,0.2,0,0,0,0.002,1000,40,740,90,300,615,17
0.12,9.11,1.52,0.03,0.41,0.19,0.2,0,0,0,0.002,1000,40,740,90,350,607,16
0.12,9.11,1.52,0.03,0.41,0.19,0.2,0,0,0,0.002,1000,40,740,90,400,574,18
0.12,9.11,1.52,0.03,0.41,0.19,0.2,0,0,0,0.002,1000,40,740,90,450,545,18
0.12,9.11,1.52,0.03,0.41,0.19,0.2,0,0,0,0.002,1000,40,740,90,500,493,21.3
0.12,9.11,1.52,0.03,0.41,0.19,0.2,0,0,0,0.002,1000,40,740,90,550,431,25
0.12,8.91,1.44,0,0.49,0.2,0.15,0,0,0,0,980,30,760,90,25,670,25
0.09,9,1.98,0,0.49,0.2,0.083,0,0,0,0.015,1050,60,780,60,25,639,24
0.12,8.91,1.44,0,0.49,0.2,0.15,0,0,0,0,980,30,760,90,400,556,17
0.09,9,1.98,0,0.49,0.2,0.083,0,0,0,0.015,1050,60,780,60,400,465,16
0.12,8.91,1.44,0,0.49,0.2,0.15,0,0,0,0,980,30,760,90,500,495,15
0.09,9,1.98,0,0.49,0.2,0.083,0,0,0,0.015,1050,60,780,60,500,452,20
0.12,8.91,1.44,0,0.49,0.2,0.15,0,0,0,0,980,30,760,90,600,373,19
0.09,9,1.98,0,0.49,0.2,0.083,0,0,0,0.015,1050,60,780,60,600,342,18
0.12,8.91,2.03,0.01,0.01,0.26,0.069,0,0,0.05,0,1050,30,750,60,25,697,14
0.1,8.92,2.02,0.01,0.01,0.26,0.069,0,0,0.04,0,1050,30,750,60,25,716,15.6
0.1,8.85,1.99,0.05,0.45,0.2,0.08,0,0,0,0.0231,1050,60,780,60,25,627,27.6
0.1,8.85,1.99,0.05,0.45,0.2,0.08,0,0,0,0.0231,1050,60,780,60,400,518,23.8
0.1,8.85,1.99,0.05,0.45,0.2,0.08,0,0,0,0.0231,1050,60,780,30,25,605,25.3
0.089,8.97,1.96,0.051,0.5,0.2,0.098,0,0,0,0.0277,1050,60,780,30,25,617,20.8
0.098,8.99,2,0.05,0.5,0.2,0.098,0,0,0.002,0.0149,1050,60,780,30,25,598,22
0.097,8.99,2.01,0.049,0.5,0.2,0.1,0,0,0.002,0.015,1050,60,780,30,25,609,22
0.096,8.97,2.01,0.05,0.49,0.2,0.14,0,0,0.002,0.0151,1050,60,780,30,25,602,22.1
0.096,8.97,2.01,0.051,0.5,0.2,0.14,0,0,0.048,0.0152,1050,60,800,30,25,595,21.9
0.098,8.99,2,0.05,0.5,0.2,0.098,0,0,0.002,0.0149,1050,60,780,30,300,571,18.3
0.097,8.99,2.01,0.049,0.5,0.2,0.1,0,0,0.002,0.015,1050,60,780,30,300,547,14.7
0.096,8.97,2.01,0.05,0.49,0.2,0.14,0,0,0.002,0.0151,1050,60,780,30,300,533,16
0.098,8.99,2,0.05,0.5,0.2,0.098,0,0,0.002,0.0149,1050,60,780,30,400,514,14.6
0.097,8.99,2.01,0.049,0.5,0.2,0.1,0,0,0.002,0.015,1050,60,780,30,400,514,14.8
0.096,8.97,2.01,0.05,0.49,0.2,0.14,0,0,0.002,0.0151,1050,60,780,30,400,500,15.73
0.098,8.99,2,0.05,0.5,0.2,0.098,0,0,0.002,0.0149,1050,60,780,30,500,456,17.5
0.097,8.99,2.01,0.049,0.5,0.2,0.1,0,0,0.002,0.015,1050,60,780,30,500,426,18.3
0.096,8.97,2.01,0.05,0.49,0.2,0.14,0,0,0.002,0.0151,1050,60,780,30,500,435,18.72
0.098,8.99,2,0.05,0.5,0.2,0.098,0,0,0.002,0.0149,1050,60,780,30,600,299,20
0.097,8.99,2.01,0.049,0.5,0.2,0.1,0,0,0.002,0.015,1050,60,780,30,600,310,21
0.096,8.97,2.01,0.05,0.49,0.2,0.14,0,0,0.002,0.0151,1050,60,780,30,600,326,20
0.1,8.85,1.99,0.05,0.45,0.2,0.08,0,0,0,0.0231,1050,60,780,30,400,537,23
0.1,8.85,1.99,0.05,0.45,0.2,0.08,0,0,0,0.0231,1050,60,780,30,600,309,27
0.09,9,1.06,0.13,0.43,0.23,0.075,0,0,0,0.0036,1000,30,650,90,25,795,14
0.09,9,1.06,0.13,0.43,0.23,0.075,0,0,0,0.0036,1000,30,700,90,25,728,16.9
0.09,9,1.06,0.13,0.43,0.23,0.075,0,0,0,0.0036,1000,30,760,90,25,631,24
0.09,8.8,1.02,0.13,0.44,0.21,0.089,0,0,0.014,0.002,1000,30,650,90,25,768,15
0.09,8.8,1.02,0.13,0.44,0.21,0.089,0,0,0.014,0.002,1000,30,700,90,25,699,18
0.09,8.8,1.02,0.13,0.44,0.21,0.089,0,0,0.014,0.002,1000,30,760,90,25,629,22.9
0.099,7.88,1.78,0.1,0.45,0.19,0.093,0,0,0.001,0.0098,1040,40,750,60,25,750,19.7
0.099,7.88,1.78,0.1,0.45,0.19,0.093,0,0,0.001,0.0098,1040,40,750,60,200,640,17.3
0.099,7.88,1.78,0.1,0.45,0.19,0.093,0,0,0.001,0.0098,1040,40,750,60,250,631,16.3
0.099,7.88,1.78,0.1,0.45,0.19,0.093,0,0,0.001,0.0098,1040,40,750,60,300,619,15.17
0.099,7.88,1.78,0.1,0.45,0.19,0.093,0,0,0.001,0.0098,1040,40,750,60,350,606,15.3
0.099,7.88,1.78,0.1,0.45,0.19,0.093,0,0,0.001,0.0098,1040,40,750,60,400,583,15.9
0.099,7.88,1.78,0.1,0.45,0.19,0.093,0,0,0.001,0.0098,1040,40,750,60,450,538,19.2
0.099,7.88,1.78,0.1,0.45,0.19,0.093,0,0,0.001,0.0098,1040,40,750,60,500,495,21.6
0.099,7.88,1.78,0.1,0.45,0.19,0.093,0,0,0.001,0.0098,1040,40,750,60,550,430,27
0.099,7.88,1.78,0.1,0.45,0.19,0.093,0,0,0.001,0.0098,1040,40,750,60,600,345,28
0.093,7.95,1.87,0.11,0.45,0.21,0.03,0,0,0.001,0.003,1040,40,750,60,25,672,26
0.089,7.86,1.99,0.098,0.077,0.19,0.019,0,0,0.003,0.0073,1040,40,750,60,25,669,22
0.09,7.71,1.95,0.11,0.16,0.16,0.02,0,0,0,0.006,1040,30,750,60,25,621.6,22.4
0.1,9,1.5,0,0.45,0.2,0.15,0,0.2,0,0,980,30,760,90,25,628,21
0.1,9,1.5,0,0.45,0.2,0.15,0,0.2,0,0,980,30,760,90,500,399,18.87
0.1,9,1.5,0,0.45,0.2,0.15,0,0.2,0,0,980,30,760,90,600,312,27
