Sex_female,Sex_male,Embarked_C,Embarked_Q,Embarked_S,PassengerId,Pclass,Age,SibSp,Parch,Fare,Survived
0,1,0,0,1,1,3,22,1,0,7.25,0
1,0,1,0,0,2,1,38,1,0,71.2833,1
1,0,0,0,1,3,3,26,0,0,7.925,1
1,0,0,0,1,4,1,35,1,0,53.1,1
0,1,0,0,1,5,3,35,0,0,8.05,0
0,1,0,1,0,6,3,29.69911765,0,0,8.4583,0
0,1,0,0,1,7,1,54,0,0,51.8625,0
0,1,0,0,1,8,3,2,3,1,21.075,2
1,0,0,0,1,9,3,27,0,2,11.1333,2
1,0,1,0,0,10,2,14,1,0,30.0708,2
1,0,0,0,1,11,3,4,1,1,16.7,2
1,0,0,0,1,12,1,58,0,0,26.55,2
0,1,0,0,1,13,3,20,0,0,8.05,2
0,1,0,0,1,14,3,39,1,5,31.275,2
1,0,0,0,1,15,3,14,0,0,7.8542,2
1,0,0,0,1,16,2,55,0,0,16,2
0,1,0,1,0,17,3,2,4,1,29.125,2
0,1,0,0,1,18,2,29.69911765,0,0,13,2
1,0,0,0,1,19,3,31,1,0,18,2
1,0,1,0,0,20,3,29.69911765,0,0,7.225,2
0,1,0,0,1,21,2,35,0,0,26,2
0,1,0,0,1,22,2,34,0,0,13,2
1,0,0,1,0,23,3,15,0,0,8.0292,2
0,1,0,0,1,24,1,28,0,0,35.5,2
1,0,0,0,1,25,3,8,3,1,21.075,2
1,0,0,0,1,26,3,38,1,5,31.3875,2
0,1,1,0,0,27,3,29.69911765,0,0,7.225,2
0,1,0,0,1,28,1,19,3,2,263,2
1,0,0,1,0,29,3,29.69911765,0,0,7.8792,2
0,1,0,0,1,30,3,29.69911765,0,0,7.8958,2
0,1,1,0,0,31,1,40,0,0,27.7208,2
1,0,1,0,0,32,1,29.69911765,1,0,146.5208,2
1,0,0,1,0,33,3,29.69911765,0,0,7.75,2
0,1,0,0,1,34,2,66,0,0,10.5,2
0,1,1,0,0,35,1,28,1,0,82.1708,2
0,1,0,0,1,36,1,42,1,0,52,2
0,1,1,0,0,37,3,29.69911765,0,0,7.2292,2
0,1,0,0,1,38,3,21,0,0,8.05,2
1,0,0,0,1,39,3,18,2,0,18,2
1,0,1,0,0,40,3,14,1,0,11.2417,2
1,0,0,0,1,41,3,40,1,0,9.475,2
1,0,0,0,1,42,2,27,1,0,21,2
0,1,1,0,0,43,3,29.69911765,0,0,7.8958,2
1,0,1,0,0,44,2,3,1,2,41.5792,2
1,0,0,1,0,45,3,19,0,0,7.8792,2
0,1,0,0,1,46,3,29.69911765,0,0,8.05,2
0,1,0,1,0,47,3,29.69911765,1,0,15.5,2
1,0,0,1,0,48,3,29.69911765,0,0,7.75,2
0,1,1,0,0,49,3,29.69911765,2,0,21.6792,2
1,0,0,0,1,50,3,18,1,0,17.8,2
0,1,0,0,1,51,3,7,4,1,39.6875,2
0,1,0,0,1,52,3,21,0,0,7.8,2
1,0,1,0,0,53,1,49,1,0,76.7292,2
1,0,0,0,1,54,2,29,1,0,26,2
0,1,1,0,0,55,1,65,0,1,61.9792,2
0,1,0,0,1,56,1,29.69911765,0,0,35.5,2
1,0,0,0,1,57,2,21,0,0,10.5,2
0,1,1,0,0,58,3,28.5,0,0,7.2292,2
1,0,0,0,1,59,2,5,1,2,27.75,2
0,1,0,0,1,60,3,11,5,2,46.9,2
0,1,1,0,0,61,3,22,0,0,7.2292,2
1,0,0,0,0,62,1,38,0,0,80,2
0,1,0,0,1,63,1,45,1,0,83.475,2
0,1,0,0,1,64,3,4,3,2,27.9,2
0,1,1,0,0,65,1,29.69911765,0,0,27.7208,2
0,1,1,0,0,66,3,29.69911765,1,1,15.2458,2
1,0,0,0,1,67,2,29,0,0,10.5,2
0,1,0,0,1,68,3,19,0,0,8.1583,2
1,0,0,0,1,69,3,17,4,2,7.925,2
0,1,0,0,1,70,3,26,2,0,8.6625,2
0,1,0,0,1,71,2,32,0,0,10.5,2
1,0,0,0,1,72,3,16,5,2,46.9,2
0,1,0,0,1,73,2,21,0,0,73.5,2
0,1,1,0,0,74,3,26,1,0,14.4542,2
0,1,0,0,1,75,3,32,0,0,56.4958,2
0,1,0,0,1,76,3,25,0,0,7.65,2
0,1,0,0,1,77,3,29.69911765,0,0,7.8958,2
0,1,0,0,1,78,3,29.69911765,0,0,8.05,2
0,1,0,0,1,79,2,0.83,0,2,29,2
1,0,0,0,1,80,3,30,0,0,12.475,2
0,1,0,0,1,81,3,22,0,0,9,2
0,1,0,0,1,82,3,29,0,0,9.5,2
1,0,0,1,0,83,3,29.69911765,0,0,7.7875,2
0,1,0,0,1,84,1,28,0,0,47.1,2
1,0,0,0,1,85,2,17,0,0,10.5,2
1,0,0,0,1,86,3,33,3,0,15.85,2
0,1,0,0,1,87,3,16,1,3,34.375,2
0,1,0,0,1,88,3,29.69911765,0,0,8.05,2
1,0,0,0,1,89,1,23,3,2,263,2
0,1,0,0,1,90,3,24,0,0,8.05,2
0,1,0,0,1,91,3,29,0,0,8.05,2
0,1,0,0,1,92,3,20,0,0,7.8542,2
0,1,0,0,1,93,1,46,1,0,61.175,2
0,1,0,0,1,94,3,26,1,2,20.575,2
0,1,0,0,1,95,3,59,0,0,7.25,2
0,1,0,0,1,96,3,29.69911765,0,0,8.05,2
0,1,1,0,0,97,1,71,0,0,34.6542,2
0,1,1,0,0,98,1,23,0,1,63.3583,2
1,0,0,0,1,99,2,34,0,1,23,2
0,1,0,0,1,100,2,34,1,0,26,2
1,0,0,0,1,101,3,28,0,0,7.8958,2
0,1,0,0,1,102,3,29.69911765,0,0,7.8958,2
0,1,0,0,1,103,1,21,0,1,77.2875,2
0,1,0,0,1,104,3,33,0,0,8.6542,2
0,1,0,0,1,105,3,37,2,0,7.925,2
0,1,0,0,1,106,3,28,0,0,7.8958,2
1,0,0,0,1,107,3,21,0,0,7.65,2
0,1,0,0,1,108,3,29.69911765,0,0,7.775,2
0,1,0,0,1,109,3,38,0,0,7.8958,2
1,0,0,1,0,110,3,29.69911765,1,0,24.15,2
0,1,0,0,1,111,1,47,0,0,52,2
1,0,1,0,0,112,3,14.5,1,0,14.4542,2
0,1,0,0,1,113,3,22,0,0,8.05,2
1,0,0,0,1,114,3,20,1,0,9.825,2
1,0,1,0,0,115,3,17,0,0,14.4583,2
0,1,0,0,1,116,3,21,0,0,7.925,2
0,1,0,1,0,117,3,70.5,0,0,7.75,2
0,1,0,0,1,118,2,29,1,0,21,2
0,1,1,0,0,119,1,24,0,1,247.5208,2
1,0,0,0,1,120,3,2,4,2,31.275,2
0,1,0,0,1,121,2,21,2,0,73.5,2
0,1,0,0,1,122,3,29.69911765,0,0,8.05,2
0,1,1,0,0,123,2,32.5,1,0,30.0708,2
1,0,0,0,1,124,2,32.5,0,0,13,2
0,1,0,0,1,125,1,54,0,1,77.2875,2
0,1,1,0,0,126,3,12,1,0,11.2417,2
0,1,0,1,0,127,3,29.69911765,0,0,7.75,2
0,1,0,0,1,128,3,24,0,0,7.1417,2
1,0,1,0,0,129,3,29.69911765,1,1,22.3583,2
0,1,0,0,1,130,3,45,0,0,6.975,2
0,1,1,0,0,131,3,33,0,0,7.8958,2
0,1,0,0,1,132,3,20,0,0,7.05,2
1,0,0,0,1,133,3,47,1,0,14.5,2
1,0,0,0,1,134,2,29,1,0,26,2
0,1,0,0,1,135,2,25,0,0,13,2
0,1,1,0,0,136,2,23,0,0,15.0458,2
1,0,0,0,1,137,1,19,0,2,26.2833,2
0,1,0,0,1,138,1,37,1,0,53.1,2
0,1,0,0,1,139,3,16,0,0,9.2167,2
0,1,1,0,0,140,1,24,0,0,79.2,2
1,0,1,0,0,141,3,29.69911765,0,2,15.2458,2
1,0,0,0,1,142,3,22,0,0,7.75,2
1,0,0,0,1,143,3,24,1,0,15.85,2
0,1,0,1,0,144,3,19,0,0,6.75,2
0,1,0,0,1,145,2,18,0,0,11.5,2
0,1,0,0,1,146,2,19,1,1,36.75,2
0,1,0,0,1,147,3,27,0,0,7.7958,2
1,0,0,0,1,148,3,9,2,2,34.375,2
0,1,0,0,1,149,2,36.5,0,2,26,2
0,1,0,0,1,150,2,42,0,0,13,2
0,1,0,0,1,151,2,51,0,0,12.525,2
1,0,0,0,1,152,1,22,1,0,66.6,2
0,1,0,0,1,153,3,55.5,0,0,8.05,2
0,1,0,0,1,154,3,40.5,0,2,14.5,2
0,1,0,0,1,155,3,29.69911765,0,0,7.3125,2
0,1,1,0,0,156,1,51,0,1,61.3792,2
1,0,0,1,0,157,3,16,0,0,7.7333,2
0,1,0,0,1,158,3,30,0,0,8.05,2
0,1,0,0,1,159,3,29.69911765,0,0,8.6625,2
0,1,0,0,1,160,3,29.69911765,8,2,69.55,2
0,1,0,0,1,161,3,44,0,1,16.1,2
1,0,0,0,1,162,2,40,0,0,15.75,2
0,1,0,0,1,163,3,26,0,0,7.775,2
0,1,0,0,1,164,3,17,0,0,8.6625,2
0,1,0,0,1,165,3,1,4,1,39.6875,2
0,1,0,0,1,166,3,9,0,2,20.525,2
1,0,0,0,1,167,1,29.69911765,0,1,55,2
1,0,0,0,1,168,3,45,1,4,27.9,2
0,1,0,0,1,169,1,29.69911765,0,0,25.925,2
0,1,0,0,1,170,3,28,0,0,56.4958,2
0,1,0,0,1,171,1,61,0,0,33.5,2
0,1,0,1,0,172,3,4,4,1,29.125,2
1,0,0,0,1,173,3,1,1,1,11.1333,2
0,1,0,0,1,174,3,21,0,0,7.925,2
0,1,1,0,0,175,1,56,0,0,30.6958,2
0,1,0,0,1,176,3,18,1,1,7.8542,2
0,1,0,0,1,177,3,29.69911765,3,1,25.4667,2
1,0,1,0,0,178,1,50,0,0,28.7125,2
0,1,0,0,1,179,2,30,0,0,13,2
0,1,0,0,1,180,3,36,0,0,0,2
1,0,0,0,1,181,3,29.69911765,8,2,69.55,2
0,1,1,0,0,182,2,29.69911765,0,0,15.05,2
0,1,0,0,1,183,3,9,4,2,31.3875,2
0,1,0,0,1,184,2,1,2,1,39,2
1,0,0,0,1,185,3,4,0,2,22.025,2
0,1,0,0,1,186,1,29.69911765,0,0,50,2
1,0,0,1,0,187,3,29.69911765,1,0,15.5,2
0,1,0,0,1,188,1,45,0,0,26.55,2
0,1,0,1,0,189,3,40,1,1,15.5,2
0,1,0,0,1,190,3,36,0,0,7.8958,2
1,0,0,0,1,191,2,32,0,0,13,2
0,1,0,0,1,192,2,19,0,0,13,2
1,0,0,0,1,193,3,19,1,0,7.8542,2
0,1,0,0,1,194,2,3,1,1,26,2
1,0,1,0,0,195,1,44,0,0,27.7208,2
1,0,1,0,0,196,1,58,0,0,146.5208,2
0,1,0,1,0,197,3,29.69911765,0,0,7.75,2
0,1,0,0,1,198,3,42,0,1,8.4042,2
1,0,0,1,0,199,3,29.69911765,0,0,7.75,2
1,0,0,0,1,200,2,24,0,0,13,2
0,1,0,0,1,201,3,28,0,0,9.5,2
0,1,0,0,1,202,3,29.69911765,8,2,69.55,2
0,1,0,0,1,203,3,34,0,0,6.4958,2
0,1,1,0,0,204,3,45.5,0,0,7.225,2
0,1,0,0,1,205,3,18,0,0,8.05,2
1,0,0,0,1,206,3,2,0,1,10.4625,2
0,1,0,0,1,207,3,32,1,0,15.85,2
0,1,1,0,0,208,3,26,0,0,18.7875,2
1,0,0,1,0,209,3,16,0,0,7.75,2
0,1,1,0,0,210,1,40,0,0,31,2
0,1,0,0,1,211,3,24,0,0,7.05,2
1,0,0,0,1,212,2,35,0,0,21,2
0,1,0,0,1,213,3,22,0,0,7.25,2
0,1,0,0,1,214,2,30,0,0,13,2
0,1,0,1,0,215,3,29.69911765,1,0,7.75,2
1,0,1,0,0,216,1,31,1,0,113.275,2
1,0,0,0,1,217,3,27,0,0,7.925,2
0,1,0,0,1,218,2,42,1,0,27,2
1,0,1,0,0,219,1,32,0,0,76.2917,2
0,1,0,0,1,220,2,30,0,0,10.5,2
0,1,0,0,1,221,3,16,0,0,8.05,2
0,1,0,0,1,222,2,27,0,0,13,2
0,1,0,0,1,223,3,51,0,0,8.05,2
0,1,0,0,1,224,3,29.69911765,0,0,7.8958,2
0,1,0,0,1,225,1,38,1,0,90,2
0,1,0,0,1,226,3,22,0,0,9.35,2
0,1,0,0,1,227,2,19,0,0,10.5,2
0,1,0,0,1,228,3,20.5,0,0,7.25,2
0,1,0,0,1,229,2,18,0,0,13,2
1,0,0,0,1,230,3,29.69911765,3,1,25.4667,2
1,0,0,0,1,231,1,35,1,0,83.475,2
0,1,0,0,1,232,3,29,0,0,7.775,2
0,1,0,0,1,233,2,59,0,0,13.5,2
1,0,0,0,1,234,3,5,4,2,31.3875,2
0,1,0,0,1,235,2,24,0,0,10.5,2
1,0,0,0,1,236,3,29.69911765,0,0,7.55,2
0,1,0,0,1,237,2,44,1,0,26,2
1,0,0,0,1,238,2,8,0,2,26.25,2
0,1,0,0,1,239,2,19,0,0,10.5,2
0,1,0,0,1,240,2,33,0,0,12.275,2
1,0,1,0,0,241,3,29.69911765,1,0,14.4542,2
1,0,0,1,0,242,3,29.69911765,1,0,15.5,2
0,1,0,0,1,243,2,29,0,0,10.5,2
0,1,0,0,1,244,3,22,0,0,7.125,2
0,1,1,0,0,245,3,30,0,0,7.225,2
0,1,0,1,0,246,1,44,2,0,90,2
1,0,0,0,1,247,3,25,0,0,7.775,2
1,0,0,0,1,248,2,24,0,2,14.5,2
0,1,0,0,1,249,1,37,1,1,52.5542,2
0,1,0,0,1,250,2,54,1,0,26,2
0,1,0,0,1,251,3,29.69911765,0,0,7.25,2
1,0,0,0,1,252,3,29,1,1,10.4625,2
0,1,0,0,1,253,1,62,0,0,26.55,2
0,1,0,0,1,254,3,30,1,0,16.1,2
1,0,0,0,1,255,3,41,0,2,20.2125,2
1,0,1,0,0,256,3,29,0,2,15.2458,2
1,0,1,0,0,257,1,29.69911765,0,0,79.2,2
1,0,0,0,1,258,1,30,0,0,86.5,2
1,0,1,0,0,259,1,35,0,0,512.3292,2
1,0,0,0,1,260,2,50,0,1,26,2
0,1,0,1,0,261,3,29.69911765,0,0,7.75,2
0,1,0,0,1,262,3,3,4,2,31.3875,2
0,1,0,0,1,263,1,52,1,1,79.65,2
0,1,0,0,1,264,1,40,0,0,0,2
1,0,0,1,0,265,3,29.69911765,0,0,7.75,2
0,1,0,0,1,266,2,36,0,0,10.5,2
0,1,0,0,1,267,3,16,4,1,39.6875,2
0,1,0,0,1,268,3,25,1,0,7.775,2
1,0,0,0,1,269,1,58,0,1,153.4625,2
1,0,0,0,1,270,1,35,0,0,135.6333,2
0,1,0,0,1,271,1,29.69911765,0,0,31,2
0,1,0,0,1,272,3,25,0,0,0,2
1,0,0,0,1,273,2,41,0,1,19.5,2
0,1,1,0,0,274,1,37,0,1,29.7,2
1,0,0,1,0,275,3,29.69911765,0,0,7.75,2
1,0,0,0,1,276,1,63,1,0,77.9583,2
1,0,0,0,1,277,3,45,0,0,7.75,2
0,1,0,0,1,278,2,29.69911765,0,0,0,2
0,1,0,1,0,279,3,7,4,1,29.125,2
1,0,0,0,1,280,3,35,1,1,20.25,2
0,1,0,1,0,281,3,65,0,0,7.75,2
0,1,0,0,1,282,3,28,0,0,7.8542,2
0,1,0,0,1,283,3,16,0,0,9.5,2
0,1,0,0,1,284,3,19,0,0,8.05,2
0,1,0,0,1,285,1,29.69911765,0,0,26,2
0,1,1,0,0,286,3,33,0,0,8.6625,2
0,1,0,0,1,287,3,30,0,0,9.5,2
0,1,0,0,1,288,3,22,0,0,7.8958,2
0,1,0,0,1,289,2,42,0,0,13,2
1,0,0,1,0,290,3,22,0,0,7.75,2
1,0,0,0,1,291,1,26,0,0,78.85,2
1,0,1,0,0,292,1,19,1,0,91.0792,2
0,1,1,0,0,293,2,36,0,0,12.875,2
1,0,0,0,1,294,3,24,0,0,8.85,2
0,1,0,0,1,295,3,24,0,0,7.8958,2
0,1,1,0,0,296,1,29.69911765,0,0,27.7208,2
0,1,1,0,0,297,3,23.5,0,0,7.2292,2
1,0,0,0,1,298,1,2,1,2,151.55,2
0,1,0,0,1,299,1,29.69911765,0,0,30.5,2
1,0,1,0,0,300,1,50,0,1,247.5208,2
1,0,0,1,0,301,3,29.69911765,0,0,7.75,2
0,1,0,1,0,302,3,29.69911765,2,0,23.25,2
0,1,0,0,1,303,3,19,0,0,0,2
1,0,0,1,0,304,2,29.69911765,0,0,12.35,2
0,1,0,0,1,305,3,29.69911765,0,0,8.05,2
0,1,0,0,1,306,1,0.92,1,2,151.55,2
1,0,1,0,0,307,1,29.69911765,0,0,110.8833,2
1,0,1,0,0,308,1,17,1,0,108.9,2
0,1,1,0,0,309,2,30,1,0,24,2
1,0,1,0,0,310,1,30,0,0,56.9292,2
1,0,1,0,0,311,1,24,0,0,83.1583,2
1,0,1,0,0,312,1,18,2,2,262.375,2
1,0,0,0,1,313,2,26,1,1,26,2
0,1,0,0,1,314,3,28,0,0,7.8958,2
0,1,0,0,1,315,2,43,1,1,26.25,2
1,0,0,0,1,316,3,26,0,0,7.8542,2
1,0,0,0,1,317,2,24,1,0,26,2
0,1,0,0,1,318,2,54,0,0,14,2
1,0,0,0,1,319,1,31,0,2,164.8667,2
1,0,1,0,0,320,1,40,1,1,134.5,2
0,1,0,0,1,321,3,22,0,0,7.25,2
0,1,0,0,1,322,3,27,0,0,7.8958,2
1,0,0,1,0,323,2,30,0,0,12.35,2
1,0,0,0,1,324,2,22,1,1,29,2
0,1,0,0,1,325,3,29.69911765,8,2,69.55,2
1,0,1,0,0,326,1,36,0,0,135.6333,2
0,1,0,0,1,327,3,61,0,0,6.2375,2
1,0,0,0,1,328,2,36,0,0,13,2
1,0,0,0,1,329,3,31,1,1,20.525,2
1,0,1,0,0,330,1,16,0,1,57.9792,2
1,0,0,1,0,331,3,29.69911765,2,0,23.25,2
0,1,0,0,1,332,1,45.5,0,0,28.5,2
0,1,0,0,1,333,1,38,0,1,153.4625,2
0,1,0,0,1,334,3,16,2,0,18,2
1,0,0,0,1,335,1,29.69911765,1,0,133.65,2
0,1,0,0,1,336,3,29.69911765,0,0,7.8958,2
0,1,0,0,1,337,1,29,1,0,66.6,2
1,0,1,0,0,338,1,41,0,0,134.5,2
0,1,0,0,1,339,3,45,0,0,8.05,2
0,1,0,0,1,340,1,45,0,0,35.5,2
0,1,0,0,1,341,2,2,1,1,26,2
1,0,0,0,1,342,1,24,3,2,263,2
0,1,0,0,1,343,2,28,0,0,13,2
0,1,0,0,1,344,2,25,0,0,13,2
0,1,0,0,1,345,2,36,0,0,13,2
1,0,0,0,1,346,2,24,0,0,13,2
1,0,0,0,1,347,2,40,0,0,13,2
1,0,0,0,1,348,3,29.69911765,1,0,16.1,2
0,1,0,0,1,349,3,3,1,1,15.9,2
0,1,0,0,1,350,3,42,0,0,8.6625,2
0,1,0,0,1,351,3,23,0,0,9.225,2
0,1,0,0,1,352,1,29.69911765,0,0,35,2
0,1,1,0,0,353,3,15,1,1,7.2292,2
0,1,0,0,1,354,3,25,1,0,17.8,2
0,1,1,0,0,355,3,29.69911765,0,0,7.225,2
0,1,0,0,1,356,3,28,0,0,9.5,2
1,0,0,0,1,357,1,22,0,1,55,2
1,0,0,0,1,358,2,38,0,0,13,2
1,0,0,1,0,359,3,29.69911765,0,0,7.8792,2
1,0,0,1,0,360,3,29.69911765,0,0,7.8792,2
0,1,0,0,1,361,3,40,1,4,27.9,2
0,1,1,0,0,362,2,29,1,0,27.7208,2
1,0,1,0,0,363,3,45,0,1,14.4542,2
0,1,0,0,1,364,3,35,0,0,7.05,2
0,1,0,1,0,365,3,29.69911765,1,0,15.5,2
0,1,0,0,1,366,3,30,0,0,7.25,2
1,0,1,0,0,367,1,60,1,0,75.25,2
1,0,1,0,0,368,3,29.69911765,0,0,7.2292,2
1,0,0,1,0,369,3,29.69911765,0,0,7.75,2
1,0,1,0,0,370,1,24,0,0,69.3,2
0,1,1,0,0,371,1,25,1,0,55.4417,2
0,1,0,0,1,372,3,18,1,0,6.4958,2
0,1,0,0,1,373,3,19,0,0,8.05,2
0,1,1,0,0,374,1,22,0,0,135.6333,2
1,0,0,0,1,375,3,3,3,1,21.075,2
1,0,1,0,0,376,1,29.69911765,1,0,82.1708,2
1,0,0,0,1,377,3,22,0,0,7.25,2
0,1,1,0,0,378,1,27,0,2,211.5,2
0,1,1,0,0,379,3,20,0,0,4.0125,2
0,1,0,0,1,380,3,19,0,0,7.775,2
1,0,1,0,0,381,1,42,0,0,227.525,2
1,0,1,0,0,382,3,1,0,2,15.7417,2
0,1,0,0,1,383,3,32,0,0,7.925,2
1,0,0,0,1,384,1,35,1,0,52,2
0,1,0,0,1,385,3,29.69911765,0,0,7.8958,2
0,1,0,0,1,386,2,18,0,0,73.5,2
0,1,0,0,1,387,3,1,5,2,46.9,2
1,0,0,0,1,388,2,36,0,0,13,2
0,1,0,1,0,389,3,29.69911765,0,0,7.7292,2
1,0,1,0,0,390,2,17,0,0,12,2
0,1,0,0,1,391,1,36,1,2,120,2
0,1,0,0,1,392,3,21,0,0,7.7958,2
0,1,0,0,1,393,3,28,2,0,7.925,2
1,0,1,0,0,394,1,23,1,0,113.275,2
1,0,0,0,1,395,3,24,0,2,16.7,2
0,1,0,0,1,396,3,22,0,0,7.7958,0
1,0,0,0,1,397,3,31,0,0,7.8542,0
0,1,0,0,1,398,2,46,0,0,26,0
0,1,0,0,1,399,2,23,0,0,10.5,0
1,0,0,0,1,400,2,28,0,0,12.65,1
0,1,0,0,1,401,3,39,0,0,7.925,1
0,1,0,0,1,402,3,26,0,0,8.05,0
1,0,0,0,1,403,3,21,1,0,9.825,0
0,1,0,0,1,404,3,28,1,0,15.85,0
1,0,0,0,1,405,3,20,0,0,8.6625,0
0,1,0,0,1,406,2,34,1,0,21,0
0,1,0,0,1,407,3,51,0,0,7.75,0
0,1,0,0,1,408,2,3,1,1,18.75,1
0,1,0,0,1,409,3,21,0,0,7.775,0
1,0,0,0,1,410,3,29.69911765,3,1,25.4667,0
0,1,0,0,1,411,3,29.69911765,0,0,7.8958,0
0,1,0,1,0,412,3,29.69911765,0,0,6.8583,0
1,0,0,1,0,413,1,33,1,0,90,1
0,1,0,0,1,414,2,29.69911765,0,0,0,0
0,1,0,0,1,415,3,44,0,0,7.925,1
1,0,0,0,1,416,3,29.69911765,0,0,8.05,0
1,0,0,0,1,417,2,34,1,1,32.5,1
1,0,0,0,1,418,2,18,0,2,13,1
0,1,0,0,1,419,2,30,0,0,13,0
1,0,0,0,1,420,3,10,0,2,24.15,0
0,1,1,0,0,421,3,29.69911765,0,0,7.8958,0
0,1,0,1,0,422,3,21,0,0,7.7333,0
0,1,0,0,1,423,3,29,0,0,7.875,0
1,0,0,0,1,424,3,28,1,1,14.4,0
0,1,0,0,1,425,3,18,1,1,20.2125,0
0,1,0,0,1,426,3,29.69911765,0,0,7.25,0
1,0,0,0,1,427,2,28,1,0,26,1
1,0,0,0,1,428,2,19,0,0,26,1
0,1,0,1,0,429,3,29.69911765,0,0,7.75,0
0,1,0,0,1,430,3,32,0,0,8.05,1
0,1,0,0,1,431,1,28,0,0,26.55,1
1,0,0,0,1,432,3,29.69911765,1,0,16.1,1
1,0,0,0,1,433,2,42,1,0,26,1
0,1,0,0,1,434,3,17,0,0,7.125,0
0,1,0,0,1,435,1,50,1,0,55.9,0
1,0,0,0,1,436,1,14,1,2,120,1
1,0,0,0,1,437,3,21,2,2,34.375,0
1,0,0,0,1,438,2,24,2,3,18.75,1
0,1,0,0,1,439,1,64,1,4,263,0
0,1,0,0,1,440,2,31,0,0,10.5,0
1,0,0,0,1,441,2,45,1,1,26.25,1
0,1,0,0,1,442,3,20,0,0,9.5,0
0,1,0,0,1,443,3,25,1,0,7.775,0
1,0,0,0,1,444,2,28,0,0,13,1
0,1,0,0,1,445,3,29.69911765,0,0,8.1125,1
0,1,0,0,1,446,1,4,0,2,81.8583,1
1,0,0,0,1,447,2,13,0,1,19.5,1
0,1,0,0,1,448,1,34,0,0,26.55,1
1,0,1,0,0,449,3,5,2,1,19.2583,1
0,1,0,0,1,450,1,52,0,0,30.5,1
0,1,0,0,1,451,2,36,1,2,27.75,0
0,1,0,0,1,452,3,29.69911765,1,0,19.9667,0
0,1,1,0,0,453,1,30,0,0,27.75,0
0,1,1,0,0,454,1,49,1,0,89.1042,1
0,1,0,0,1,455,3,29.69911765,0,0,8.05,0
0,1,1,0,0,456,3,29,0,0,7.8958,1
0,1,0,0,1,457,1,65,0,0,26.55,0
1,0,0,0,1,458,1,29.69911765,1,0,51.8625,1
1,0,0,0,1,459,2,50,0,0,10.5,1
0,1,0,1,0,460,3,29.69911765,0,0,7.75,0
0,1,0,0,1,461,1,48,0,0,26.55,1
0,1,0,0,1,462,3,34,0,0,8.05,0
0,1,0,0,1,463,1,47,0,0,38.5,0
0,1,0,0,1,464,2,48,0,0,13,0
0,1,0,0,1,465,3,29.69911765,0,0,8.05,0
0,1,0,0,1,466,3,38,0,0,7.05,0
0,1,0,0,1,467,2,29.69911765,0,0,0,0
0,1,0,0,1,468,1,56,0,0,26.55,0
0,1,0,1,0,469,3,29.69911765,0,0,7.725,0
1,0,1,0,0,470,3,0.75,2,1,19.2583,1
0,1,0,0,1,471,3,29.69911765,0,0,7.25,0
0,1,0,0,1,472,3,38,0,0,8.6625,0
1,0,0,0,1,473,2,33,1,2,27.75,1
1,0,1,0,0,474,2,23,0,0,13.7917,1
1,0,0,0,1,475,3,22,0,0,9.8375,0
0,1,0,0,1,476,1,29.69911765,0,0,52,0
0,1,0,0,1,477,2,34,1,0,21,0
0,1,0,0,1,478,3,29,1,0,7.0458,0
0,1,0,0,1,479,3,22,0,0,7.5208,0
1,0,0,0,1,480,3,2,0,1,12.2875,1
0,1,0,0,1,481,3,9,5,2,46.9,0
0,1,0,0,1,482,2,29.69911765,0,0,0,0
0,1,0,0,1,483,3,50,0,0,8.05,0
1,0,0,0,1,484,3,63,0,0,9.5875,1
0,1,1,0,0,485,1,25,1,0,91.0792,1
1,0,0,0,1,486,3,29.69911765,3,1,25.4667,0
1,0,0,0,1,487,1,35,1,0,90,1
0,1,1,0,0,488,1,58,0,0,29.7,0
0,1,0,0,1,489,3,30,0,0,8.05,0
0,1,0,0,1,490,3,9,1,1,15.9,1
0,1,0,0,1,491,3,29.69911765,1,0,19.9667,0
0,1,0,0,1,492,3,21,0,0,7.25,0
0,1,0,0,1,493,1,55,0,0,30.5,0
0,1,1,0,0,494,1,71,0,0,49.5042,0
0,1,0,0,1,495,3,21,0,0,8.05,0
0,1,1,0,0,496,3,29.69911765,0,0,14.4583,0
1,0,1,0,0,497,1,54,1,0,78.2667,1
0,1,0,0,1,498,3,29.69911765,0,0,15.1,0
1,0,0,0,1,499,1,25,1,2,151.55,0
0,1,0,0,1,500,3,24,0,0,7.7958,0
0,1,0,0,1,501,3,17,0,0,8.6625,0
1,0,0,1,0,502,3,21,0,0,7.75,0
1,0,0,1,0,503,3,29.69911765,0,0,7.6292,0
1,0,0,0,1,504,3,37,0,0,9.5875,0
1,0,0,0,1,505,1,16,0,0,86.5,1
0,1,1,0,0,506,1,18,1,0,108.9,0
1,0,0,0,1,507,2,33,0,2,26,1
0,1,0,0,1,508,1,29.69911765,0,0,26.55,1
0,1,0,0,1,509,3,28,0,0,22.525,0
0,1,0,0,1,510,3,26,0,0,56.4958,1
0,1,0,1,0,511,3,29,0,0,7.75,1
0,1,0,0,1,512,3,29.69911765,0,0,8.05,0
0,1,0,0,1,513,1,36,0,0,26.2875,1
1,0,1,0,0,514,1,54,1,0,59.4,1
0,1,0,0,1,515,3,24,0,0,7.4958,0
0,1,0,0,1,516,1,47,0,0,34.0208,0
1,0,0,0,1,517,2,34,0,0,10.5,1
0,1,0,1,0,518,3,29.69911765,0,0,24.15,0
1,0,0,0,1,519,2,36,1,0,26,1
0,1,0,0,1,520,3,32,0,0,7.8958,0
1,0,0,0,1,521,1,30,0,0,93.5,1
0,1,0,0,1,522,3,22,0,0,7.8958,0
0,1,1,0,0,523,3,29.69911765,0,0,7.225,0
1,0,1,0,0,524,1,44,0,1,57.9792,1
0,1,1,0,0,525,3,29.69911765,0,0,7.2292,0
0,1,0,1,0,526,3,40.5,0,0,7.75,0
1,0,0,0,1,527,2,50,0,0,10.5,1
0,1,0,0,1,528,1,29.69911765,0,0,221.7792,0
0,1,0,0,1,529,3,39,0,0,7.925,0
0,1,0,0,1,530,2,23,2,1,11.5,0
1,0,0,0,1,531,2,2,1,1,26,1
0,1,1,0,0,532,3,29.69911765,0,0,7.2292,0
0,1,1,0,0,533,3,17,1,1,7.2292,0
1,0,1,0,0,534,3,29.69911765,0,2,22.3583,1
1,0,0,0,1,535,3,30,0,0,8.6625,0
1,0,0,0,1,536,2,7,0,2,26.25,1
0,1,0,0,1,537,1,45,0,0,26.55,0
1,0,1,0,0,538,1,30,0,0,106.425,1
0,1,0,0,1,539,3,29.69911765,0,0,14.5,0
1,0,1,0,0,540,1,22,0,2,49.5,1
1,0,0,0,1,541,1,36,0,2,71,1
1,0,0,0,1,542,3,9,4,2,31.275,0
1,0,0,0,1,543,3,11,4,2,31.275,0
0,1,0,0,1,544,2,32,1,0,26,1
0,1,1,0,0,545,1,50,1,0,106.425,0
0,1,0,0,1,546,1,64,0,0,26,0
1,0,0,0,1,547,2,19,1,0,26,1
0,1,1,0,0,548,2,29.69911765,0,0,13.8625,1
0,1,0,0,1,549,3,33,1,1,20.525,0
0,1,0,0,1,550,2,8,1,1,36.75,1
0,1,1,0,0,551,1,17,0,2,110.8833,1
0,1,0,0,1,552,2,27,0,0,26,0
0,1,0,1,0,553,3,29.69911765,0,0,7.8292,0
0,1,1,0,0,554,3,22,0,0,7.225,1
1,0,0,0,1,555,3,22,0,0,7.775,1
0,1,0,0,1,556,1,62,0,0,26.55,0
1,0,1,0,0,557,1,48,1,0,39.6,1
0,1,1,0,0,558,1,29.69911765,0,0,227.525,0
1,0,0,0,1,559,1,39,1,1,79.65,1
1,0,0,0,1,560,3,36,1,0,17.4,1
0,1,0,1,0,561,3,29.69911765,0,0,7.75,0
0,1,0,0,1,562,3,40,0,0,7.8958,0
0,1,0,0,1,563,2,28,0,0,13.5,0
0,1,0,0,1,564,3,29.69911765,0,0,8.05,0
1,0,0,0,1,565,3,29.69911765,0,0,8.05,0
0,1,0,0,1,566,3,24,2,0,24.15,0
0,1,0,0,1,567,3,19,0,0,7.8958,0
1,0,0,0,1,568,3,29,0,4,21.075,0
0,1,1,0,0,569,3,29.69911765,0,0,7.2292,0
0,1,0,0,1,570,3,32,0,0,7.8542,1
0,1,0,0,1,571,2,62,0,0,10.5,1
1,0,0,0,1,572,1,53,2,0,51.4792,1
0,1,0,0,1,573,1,36,0,0,26.3875,1
1,0,0,1,0,574,3,29.69911765,0,0,7.75,1
0,1,0,0,1,575,3,16,0,0,8.05,0
0,1,0,0,1,576,3,19,0,0,14.5,0
1,0,0,0,1,577,2,34,0,0,13,1
1,0,0,0,1,578,1,39,1,0,55.9,1
1,0,1,0,0,579,3,29.69911765,1,0,14.4583,0
0,1,0,0,1,580,3,32,0,0,7.925,1
1,0,0,0,1,581,2,25,1,1,30,1
1,0,1,0,0,582,1,39,1,1,110.8833,1
0,1,0,0,1,583,2,54,0,0,26,0
0,1,1,0,0,584,1,36,0,0,40.125,0
0,1,1,0,0,585,3,29.69911765,0,0,8.7125,0
1,0,0,0,1,586,1,18,0,2,79.65,1
0,1,0,0,1,587,2,47,0,0,15,0
0,1,1,0,0,588,1,60,1,1,79.2,1
0,1,0,0,1,589,3,22,0,0,8.05,0
0,1,0,0,1,590,3,29.69911765,0,0,8.05,0
0,1,0,0,1,591,3,35,0,0,7.125,0
1,0,1,0,0,592,1,52,1,0,78.2667,1
0,1,0,0,1,593,3,47,0,0,7.25,0
1,0,0,1,0,594,3,29.69911765,0,2,7.75,0
0,1,0,0,1,595,2,37,1,0,26,0
0,1,0,0,1,596,3,36,1,1,24.15,0
1,0,0,0,1,597,2,29.69911765,0,0,33,1
0,1,0,0,1,598,3,49,0,0,0,0
0,1,1,0,0,599,3,29.69911765,0,0,7.225,0
0,1,1,0,0,600,1,49,1,0,56.9292,1
1,0,0,0,1,601,2,24,2,1,27,1
0,1,0,0,1,602,3,29.69911765,0,0,7.8958,0
0,1,0,0,1,603,1,29.69911765,0,0,42.4,0
0,1,0,0,1,604,3,44,0,0,8.05,0
0,1,1,0,0,605,1,35,0,0,26.55,1
0,1,0,0,1,606,3,36,1,0,15.55,0
0,1,0,0,1,607,3,30,0,0,7.8958,0
0,1,0,0,1,608,1,27,0,0,30.5,1
1,0,1,0,0,609,2,22,1,2,41.5792,1
1,0,0,0,1,610,1,40,0,0,153.4625,1
1,0,0,0,1,611,3,39,1,5,31.275,0
0,1,0,0,1,612,3,29.69911765,0,0,7.05,0
1,0,0,1,0,613,3,29.69911765,1,0,15.5,1
0,1,0,1,0,614,3,29.69911765,0,0,7.75,0
0,1,0,0,1,615,3,35,0,0,8.05,0
1,0,0,0,1,616,2,24,1,2,65,1
0,1,0,0,1,617,3,34,1,1,14.4,0
1,0,0,0,1,618,3,26,1,0,16.1,0
1,0,0,0,1,619,2,4,2,1,39,1
0,1,0,0,1,620,2,26,0,0,10.5,0
0,1,1,0,0,621,3,27,1,0,14.4542,0
0,1,0,0,1,622,1,42,1,0,52.5542,1
0,1,1,0,0,623,3,20,1,1,15.7417,1
0,1,0,0,1,624,3,21,0,0,7.8542,0
0,1,0,0,1,625,3,21,0,0,16.1,0
0,1,0,0,1,626,1,61,0,0,32.3208,0
0,1,0,1,0,627,2,57,0,0,12.35,0
1,0,0,0,1,628,1,21,0,0,77.9583,1
0,1,0,0,1,629,3,26,0,0,7.8958,0
0,1,0,1,0,630,3,29.69911765,0,0,7.7333,0
0,1,0,0,1,631,1,80,0,0,30,1
0,1,0,0,1,632,3,51,0,0,7.0542,0
0,1,1,0,0,633,1,32,0,0,30.5,1
0,1,0,0,1,634,1,29.69911765,0,0,0,0
1,0,0,0,1,635,3,9,3,2,27.9,0
1,0,0,0,1,636,2,28,0,0,13,1
0,1,0,0,1,637,3,32,0,0,7.925,0
0,1,0,0,1,638,2,31,1,1,26.25,0
1,0,0,0,1,639,3,41,0,5,39.6875,0
0,1,0,0,1,640,3,29.69911765,1,0,16.1,0
0,1,0,0,1,641,3,20,0,0,7.8542,0
1,0,1,0,0,642,1,24,0,0,69.3,1
1,0,0,0,1,643,3,2,3,2,27.9,0
0,1,0,0,1,644,3,29.69911765,0,0,56.4958,1
1,0,1,0,0,645,3,0.75,2,1,19.2583,1
0,1,1,0,0,646,1,48,1,0,76.7292,1
0,1,0,0,1,647,3,19,0,0,7.8958,0
0,1,1,0,0,648,1,56,0,0,35.5,1
0,1,0,0,1,649,3,29.69911765,0,0,7.55,0
1,0,0,0,1,650,3,23,0,0,7.55,1
0,1,0,0,1,651,3,29.69911765,0,0,7.8958,0
1,0,0,0,1,652,2,18,0,1,23,1
0,1,0,0,1,653,3,21,0,0,8.4333,0
1,0,0,1,0,654,3,29.69911765,0,0,7.8292,1
1,0,0,1,0,655,3,18,0,0,6.75,0
0,1,0,0,1,656,2,24,2,0,73.5,0
0,1,0,0,1,657,3,29.69911765,0,0,7.8958,0
1,0,0,1,0,658,3,32,1,1,15.5,0
0,1,0,0,1,659,2,23,0,0,13,0
0,1,1,0,0,660,1,58,0,2,113.275,0
0,1,0,0,1,661,1,50,2,0,133.65,1
0,1,1,0,0,662,3,40,0,0,7.225,0
0,1,0,0,1,663,1,47,0,0,25.5875,0
0,1,0,0,1,664,3,36,0,0,7.4958,0
0,1,0,0,1,665,3,20,1,0,7.925,1
0,1,0,0,1,666,2,32,2,0,73.5,0
0,1,0,0,1,667,2,25,0,0,13,0
0,1,0,0,1,668,3,29.69911765,0,0,7.775,0
0,1,0,0,1,669,3,43,0,0,8.05,0
1,0,0,0,1,670,1,29.69911765,1,0,52,1
1,0,0,0,1,671,2,40,1,1,39,1
0,1,0,0,1,672,1,31,1,0,52,0
0,1,0,0,1,673,2,70,0,0,10.5,0
0,1,0,0,1,674,2,31,0,0,13,1
0,1,0,0,1,675,2,29.69911765,0,0,0,0
0,1,0,0,1,676,3,18,0,0,7.775,0
0,1,0,0,1,677,3,24.5,0,0,8.05,0
1,0,0,0,1,678,3,18,0,0,9.8417,1
1,0,0,0,1,679,3,43,1,6,46.9,0
0,1,1,0,0,680,1,36,0,1,512.3292,1
1,0,0,1,0,681,3,29.69911765,0,0,8.1375,0
0,1,1,0,0,682,1,27,0,0,76.7292,1
0,1,0,0,1,683,3,20,0,0,9.225,0
0,1,0,0,1,684,3,14,5,2,46.9,0
0,1,0,0,1,685,2,60,1,1,39,0
0,1,1,0,0,686,2,25,1,2,41.5792,0
0,1,0,0,1,687,3,14,4,1,39.6875,0
0,1,0,0,1,688,3,19,0,0,10.1708,0
0,1,0,0,1,689,3,18,0,0,7.7958,0
1,0,0,0,1,690,1,15,0,1,211.3375,1
0,1,0,0,1,691,1,31,1,0,57,1
1,0,1,0,0,692,3,4,0,1,13.4167,1
0,1,0,0,1,693,3,29.69911765,0,0,56.4958,1
0,1,1,0,0,694,3,25,0,0,7.225,0
0,1,0,0,1,695,1,60,0,0,26.55,0
0,1,0,0,1,696,2,52,0,0,13.5,0
0,1,0,0,1,697,3,44,0,0,8.05,0
1,0,0,1,0,698,3,29.69911765,0,0,7.7333,1
0,1,1,0,0,699,1,49,1,1,110.8833,0
0,1,0,0,1,700,3,42,0,0,7.65,0
1,0,1,0,0,701,1,18,1,0,227.525,1
0,1,0,0,1,702,1,35,0,0,26.2875,1
1,0,1,0,0,703,3,18,0,1,14.4542,0
0,1,0,1,0,704,3,25,0,0,7.7417,0
0,1,0,0,1,705,3,26,1,0,7.8542,0
0,1,0,0,1,706,2,39,0,0,26,0
1,0,0,0,1,707,2,45,0,0,13.5,1
0,1,0,0,1,708,1,42,0,0,26.2875,1
1,0,0,0,1,709,1,22,0,0,151.55,1
0,1,1,0,0,710,3,29.69911765,1,1,15.2458,1
1,0,1,0,0,711,1,24,0,0,49.5042,1
0,1,0,0,1,712,1,29.69911765,0,0,26.55,0
0,1,0,0,1,713,1,48,1,0,52,1
0,1,0,0,1,714,3,29,0,0,9.4833,0
0,1,0,0,1,715,2,52,0,0,13,0
0,1,0,0,1,716,3,19,0,0,7.65,0
1,0,1,0,0,717,1,38,0,0,227.525,1
1,0,0,0,1,718,2,27,0,0,10.5,1
0,1,0,1,0,719,3,29.69911765,0,0,15.5,0
0,1,0,0,1,720,3,33,0,0,7.775,0
1,0,0,0,1,721,2,6,0,1,33,1
0,1,0,0,1,722,3,17,1,0,7.0542,0
0,1,0,0,1,723,2,34,0,0,13,0
0,1,0,0,1,724,2,50,0,0,13,0
0,1,0,0,1,725,1,27,1,0,53.1,1
0,1,0,0,1,726,3,20,0,0,8.6625,0
1,0,0,0,1,727,2,30,3,0,21,1
1,0,0,1,0,728,3,29.69911765,0,0,7.7375,1
0,1,0,0,1,729,2,25,1,0,26,0
1,0,0,0,1,730,3,25,1,0,7.925,0
1,0,0,0,1,731,1,29,0,0,211.3375,1
0,1,1,0,0,732,3,11,0,0,18.7875,0
0,1,0,0,1,733,2,29.69911765,0,0,0,0
0,1,0,0,1,734,2,23,0,0,13,0
0,1,0,0,1,735,2,23,0,0,13,0
0,1,0,0,1,736,3,28.5,0,0,16.1,0
1,0,0,0,1,737,3,48,1,3,34.375,0
0,1,1,0,0,738,1,35,0,0,512.3292,1
0,1,0,0,1,739,3,29.69911765,0,0,7.8958,0
0,1,0,0,1,740,3,29.69911765,0,0,7.8958,0
0,1,0,0,1,741,1,29.69911765,0,0,30,1
0,1,0,0,1,742,1,36,1,0,78.85,0
1,0,1,0,0,743,1,21,2,2,262.375,1
0,1,0,0,1,744,3,24,1,0,16.1,0
0,1,0,0,1,745,3,31,0,0,7.925,1
0,1,0,0,1,746,1,70,1,1,71,0
0,1,0,0,1,747,3,16,1,1,20.25,0
1,0,0,0,1,748,2,30,0,0,13,1
0,1,0,0,1,749,1,19,1,0,53.1,0
0,1,0,1,0,750,3,31,0,0,7.75,0
1,0,0,0,1,751,2,4,1,1,23,1
0,1,0,0,1,752,3,6,0,1,12.475,1
0,1,0,0,1,753,3,33,0,0,9.5,0
0,1,0,0,1,754,3,23,0,0,7.8958,0
1,0,0,0,1,755,2,48,1,2,65,1
0,1,0,0,1,756,2,0.67,1,1,14.5,1
0,1,0,0,1,757,3,28,0,0,7.7958,0
0,1,0,0,1,758,2,18,0,0,11.5,0
0,1,0,0,1,759,3,34,0,0,8.05,0
1,0,0,0,1,760,1,33,0,0,86.5,1
0,1,0,0,1,761,3,29.69911765,0,0,14.5,0
0,1,0,0,1,762,3,41,0,0,7.125,0
0,1,1,0,0,763,3,20,0,0,7.2292,1
1,0,0,0,1,764,1,36,1,2,120,1
0,1,0,0,1,765,3,16,0,0,7.775,0
1,0,0,0,1,766,1,51,1,0,77.9583,1
0,1,1,0,0,767,1,29.69911765,0,0,39.6,0
1,0,0,1,0,768,3,30.5,0,0,7.75,0
0,1,0,1,0,769,3,29.69911765,1,0,24.15,0
0,1,0,0,1,770,3,32,0,0,8.3625,0
0,1,0,0,1,771,3,24,0,0,9.5,0
0,1,0,0,1,772,3,48,0,0,7.8542,0
1,0,0,0,1,773,2,57,0,0,10.5,0
0,1,1,0,0,774,3,29.69911765,0,0,7.225,0
1,0,0,0,1,775,2,54,1,3,23,1
0,1,0,0,1,776,3,18,0,0,7.75,0
0,1,0,1,0,777,3,29.69911765,0,0,7.75,0
1,0,0,0,1,778,3,5,0,0,12.475,1
0,1,0,1,0,779,3,29.69911765,0,0,7.7375,0
1,0,0,0,1,780,1,43,0,1,211.3375,1
1,0,1,0,0,781,3,13,0,0,7.2292,1
1,0,0,0,1,782,1,17,1,0,57,1
0,1,0,0,1,783,1,29,0,0,30,0
0,1,0,0,1,784,3,29.69911765,1,2,23.45,0
0,1,0,0,1,785,3,25,0,0,7.05,0
0,1,0,0,1,786,3,25,0,0,7.25,0
1,0,0,0,1,787,3,18,0,0,7.4958,1
0,1,0,1,0,788,3,8,4,1,29.125,0
0,1,0,0,1,789,3,1,1,2,20.575,1
0,1,1,0,0,790,1,46,0,0,79.2,0
0,1,0,1,0,791,3,29.69911765,0,0,7.75,0
0,1,0,0,1,792,2,16,0,0,26,0
1,0,0,0,1,793,3,29.69911765,8,2,69.55,0
0,1,1,0,0,794,1,29.69911765,0,0,30.6958,0
0,1,0,0,1,795,3,25,0,0,7.8958,0
0,1,0,0,1,796,2,39,0,0,13,0
1,0,0,0,1,797,1,49,0,0,25.9292,1
1,0,0,0,1,798,3,31,0,0,8.6833,1
0,1,1,0,0,799,3,30,0,0,7.2292,0
1,0,0,0,1,800,3,30,1,1,24.15,0
0,1,0,0,1,801,2,34,0,0,13,0
1,0,0,0,1,802,2,31,1,1,26.25,1
0,1,0,0,1,803,1,11,1,2,120,1
0,1,1,0,0,804,3,0.42,0,1,8.5167,1
0,1,0,0,1,805,3,27,0,0,6.975,1
0,1,0,0,1,806,3,31,0,0,7.775,0
0,1,0,0,1,807,1,39,0,0,0,0
1,0,0,0,1,808,3,18,0,0,7.775,0
0,1,0,0,1,809,2,39,0,0,13,0
1,0,0,0,1,810,1,33,1,0,53.1,1
0,1,0,0,1,811,3,26,0,0,7.8875,0
0,1,0,0,1,812,3,39,0,0,24.15,0
0,1,0,0,1,813,2,35,0,0,10.5,0
1,0,0,0,1,814,3,6,4,2,31.275,0
0,1,0,0,1,815,3,30.5,0,0,8.05,0
0,1,0,0,1,816,1,29.69911765,0,0,0,0
1,0,0,0,1,817,3,23,0,0,7.925,0
0,1,1,0,0,818,2,31,1,1,37.0042,0
0,1,0,0,1,819,3,43,0,0,6.45,0
0,1,0,0,1,820,3,10,3,2,27.9,0
1,0,0,0,1,821,1,52,1,1,93.5,1
0,1,0,0,1,822,3,27,0,0,8.6625,1
0,1,0,0,1,823,1,38,0,0,0,0
1,0,0,0,1,824,3,27,0,1,12.475,1
0,1,0,0,1,825,3,2,4,1,39.6875,0
0,1,0,1,0,826,3,29.69911765,0,0,6.95,0
0,1,0,0,1,827,3,29.69911765,0,0,56.4958,0
0,1,1,0,0,828,2,1,0,2,37.0042,1
0,1,0,1,0,829,3,29.69911765,0,0,7.75,1
1,0,0,0,0,830,1,62,0,0,80,1
1,0,1,0,0,831,3,15,1,0,14.4542,1
0,1,0,0,1,832,2,0.83,1,1,18.75,1
0,1,1,0,0,833,3,29.69911765,0,0,7.2292,0
0,1,0,0,1,834,3,23,0,0,7.8542,0
0,1,0,0,1,835,3,18,0,0,8.3,0
1,0,1,0,0,836,1,39,1,1,83.1583,1
0,1,0,0,1,837,3,21,0,0,8.6625,0
0,1,0,0,1,838,3,29.69911765,0,0,8.05,0
0,1,0,0,1,839,3,32,0,0,56.4958,1
0,1,1,0,0,840,1,29.69911765,0,0,29.7,1
0,1,0,0,1,841,3,20,0,0,7.925,0
0,1,0,0,1,842,2,16,0,0,10.5,0
1,0,1,0,0,843,1,30,0,0,31,1
0,1,1,0,0,844,3,34.5,0,0,6.4375,0
0,1,0,0,1,845,3,17,0,0,8.6625,0
0,1,0,0,1,846,3,42,0,0,7.55,0
0,1,0,0,1,847,3,29.69911765,8,2,69.55,0
0,1,1,0,0,848,3,35,0,0,7.8958,0
0,1,0,0,1,849,2,28,0,1,33,0
1,0,1,0,0,850,1,29.69911765,1,0,89.1042,1
0,1,0,0,1,851,3,4,4,2,31.275,0
0,1,0,0,1,852,3,74,0,0,7.775,0
1,0,1,0,0,853,3,9,1,1,15.2458,0
1,0,0,0,1,854,1,16,0,1,39.4,1
1,0,0,0,1,855,2,44,1,0,26,0
1,0,0,0,1,856,3,18,0,1,9.35,1
1,0,0,0,1,857,1,45,1,1,164.8667,1
0,1,0,0,1,858,1,51,0,0,26.55,1
1,0,1,0,0,859,3,24,0,3,19.2583,1
0,1,1,0,0,860,3,29.69911765,0,0,7.2292,0
0,1,0,0,1,861,3,41,2,0,14.1083,0
0,1,0,0,1,862,2,21,1,0,11.5,0
1,0,0,0,1,863,1,48,0,0,25.9292,1
1,0,0,0,1,864,3,29.69911765,8,2,69.55,0
0,1,0,0,1,865,2,24,0,0,13,0
1,0,0,0,1,866,2,42,0,0,13,1
1,0,1,0,0,867,2,27,1,0,13.8583,1
0,1,0,0,1,868,1,31,0,0,50.4958,0
0,1,0,0,1,869,3,29.69911765,0,0,9.5,0
0,1,0,0,1,870,3,4,1,1,11.1333,1
0,1,0,0,1,871,3,26,0,0,7.8958,0
1,0,0,0,1,872,1,47,1,1,52.5542,1
0,1,0,0,1,873,1,33,0,0,5,0
0,1,0,0,1,874,3,47,0,0,9,0
1,0,1,0,0,875,2,28,1,0,24,1
1,0,1,0,0,876,3,15,0,0,7.225,1
0,1,0,0,1,877,3,20,0,0,9.8458,0
0,1,0,0,1,878,3,19,0,0,7.8958,0
0,1,0,0,1,879,3,29.69911765,0,0,7.8958,0
1,0,1,0,0,880,1,56,0,1,83.1583,1
1,0,0,0,1,881,2,25,0,1,26,1
0,1,0,0,1,882,3,33,0,0,7.8958,0
1,0,0,0,1,883,3,22,0,0,10.5167,0
0,1,0,0,1,884,2,28,0,0,10.5,0
0,1,0,0,1,885,3,25,0,0,7.05,0
1,0,0,1,0,886,3,39,0,5,29.125,0
0,1,0,0,1,887,2,27,0,0,13,2
1,0,0,0,1,888,1,19,0,0,30,1
1,0,0,0,1,889,3,29.69911765,1,2,23.45,0
0,1,1,0,0,890,1,26,0,0,30,1
0,1,0,1,0,891,3,32,0,0,7.75,0
